<BackupInst xmlns="http://www.microsoft.com/GroupPolicy/GPOOperations/Manifest"><GPOGuid><![CDATA[{54DCB169-54FF-4973-B4B5-E9882AF0D9F7}]]></GPOGuid><GPODomain><![CDATA[security.local]]></GPODomain><GPODomainGuid><![CDATA[{2b127034-e676-4f54-b03a-e700e3004cb0}]]></GPODomainGuid><GPODomainController><![CDATA[GPOSrv2016.security.local]]></GPODomainController><BackupTime><![CDATA[2024-09-12T18:49:25]]></BackupTime><ID><![CDATA[{60DDA3E6-D105-4475-8448-9B28925169EF}]]></ID><Comment><![CDATA[]]></Comment><GPODisplayName><![CDATA[DoD WinSvr 2016 MS STIG Comp v2r9]]></GPODisplayName></BackupInst>
