<BackupInst xmlns="http://www.microsoft.com/GroupPolicy/GPOOperations/Manifest"><GPOGuid><![CDATA[{63B4021C-AB32-43EF-A688-FFEF1AE8FA55}]]></GPOGuid><GPODomain><![CDATA[security.local]]></GPODomain><GPODomainGuid><![CDATA[{2b127034-e676-4f54-b03a-e700e3004cb0}]]></GPODomainGuid><GPODomainController><![CDATA[GPOSrv2016.security.local]]></GPODomainController><BackupTime><![CDATA[2024-09-12T18:48:58]]></BackupTime><ID><![CDATA[{B974A95C-0856-4A5C-BEEE-67255025B1F8}]]></ID><Comment><![CDATA[]]></Comment><GPODisplayName><![CDATA[DoD WinSvr 2016 DC STIG Comp v2r9]]></GPODisplayName></BackupInst>
