<Backups xmlns="http://www.microsoft.com/GroupPolicy/GPOOperations/Manifest" xmlns:mfst="http://www.microsoft.com/GroupPolicy/GPOOperations/Manifest" mfst:version="1.0"><BackupInst><GPOGuid><![CDATA[{2063C36C-1DA3-4BAC-A367-34675DBA98C6}]]></GPOGuid><GPODomain><![CDATA[security.local]]></GPODomain><GPODomainGuid><![CDATA[{2b127034-e676-4f54-b03a-e700e3004cb0}]]></GPODomainGuid><GPODomainController><![CDATA[GPOSrv2016.security.local]]></GPODomainController><BackupTime><![CDATA[2024-09-12T18:53:08]]></BackupTime><ID><![CDATA[{BD8D6928-78F5-44EA-8B43-8FB59AD5984F}]]></ID><Comment><![CDATA[]]></Comment><GPODisplayName><![CDATA[Local Policy DoD Windows 11 User STIG v2r2]]></GPODisplayName></BackupInst><BackupInst><GPOGuid><![CDATA[{C8B512E0-CDEF-45DB-A2CA-B6E766C0E1CC}]]></GPOGuid><GPODomain><![CDATA[security.local]]></GPODomain><GPODomainGuid><![CDATA[{2b127034-e676-4f54-b03a-e700e3004cb0}]]></GPODomainGuid><GPODomainController><![CDATA[GPOSrv2016.security.local]]></GPODomainController><BackupTime><![CDATA[2024-09-12T18:53:07]]></BackupTime><ID><![CDATA[{365F9595-E654-426E-9D21-6480EA03E4D5}]]></ID><Comment><![CDATA[]]></Comment><GPODisplayName><![CDATA[Local Policy DoD Windows 11 Computer STIG v2r2]]></GPODisplayName></BackupInst></Backups>