GPOName,Path
DoD Windows 11 Computer STIG v2r2,Y:\Sept24 DISA STIG GPO Package 0927\DoD Windows 11 v2r2\GPOs
DoD Windows 11 User STIG v2r2,Y:\Sept24 DISA STIG GPO Package 0927\DoD Windows 11 v2r2\GPOs
DoD WinSvr 2019 DC STIG Comp v3r2,Y:\Sept24 DISA STIG GPO Package 0927\DoD WinSvr 2019 MS and DC v3r2\GPOs
DoD WinSvr 2019 DC STIG User v3r2,Y:\Sept24 DISA STIG GPO Package 0927\DoD WinSvr 2019 MS and DC v3r2\GPOs
DoD WinSvr 2019 MS STIG Comp v3r2,Y:\Sept24 DISA STIG GPO Package 0927\DoD WinSvr 2019 MS and DC v3r2\GPOs
DoD WinSvr 2019 MS STIG User v3r2,Y:\Sept24 DISA STIG GPO Package 0927\DoD WinSvr 2019 MS and DC v3r2\GPOs
DoD WinSvr 2022 MS STIG Comp v2r2,Y:\Sept24 DISA STIG GPO Package 0927\DoD WinSvr 2022 MS and DC v2r2\GPOs
DoD WinSvr 2022 DC STIG Comp v2r2,Y:\Sept24 DISA STIG GPO Package 0927\DoD WinSvr 2022 MS and DC v2r2\GPOs
DoD WinSvr 2016 DC STIG Comp v2r9,Y:\Sept24 DISA STIG GPO Package 0927\DoD WinSvr 2016 MS and DC v2r9\GPOs
DoD WinSvr 2016 DC STIG User v2r9,Y:\Sept24 DISA STIG GPO Package 0927\DoD WinSvr 2016 MS and DC v2r9\GPOs
DoD WinSvr 2016 MS STIG Comp v2r9,Y:\Sept24 DISA STIG GPO Package 0927\DoD WinSvr 2016 MS and DC v2r9\GPOs
DoD WinSvr 2016 MS STIG User v2r9,Y:\Sept24 DISA STIG GPO Package 0927\DoD WinSvr 2016 MS and DC v2r9\GPOs
DoD Windows 10 STIG Computer v3r2,Y:\Sept24 DISA STIG GPO Package 0927\DoD Windows 10 v3r2\Gpos
DoD Windows 10 STIG User v3r2,Y:\Sept24 DISA STIG GPO Package 0927\DoD Windows 10 v3r2\Gpos
DoD Google Chrome STIG Computer v2r10,Y:\Sept24 DISA STIG GPO Package 0927\DoD Google Chrome v2r10\Gpos
DoD Microsoft Edge STIG Computer v2r2,Y:\Sept24 DISA STIG GPO Package 0927\DoD Microsoft Edge v2r2\Gpos
DoD Office 2019-M365 Apps STIG Comp v3r1,Y:\Sept24 DISA STIG GPO Package 0927\DoD Office 2019-M365 Apps v3r1\Gpos
DoD Office 2019-M365 Apps STIG User v3r1,Y:\Sept24 DISA STIG GPO Package 0927\DoD Office 2019-M365 Apps v3r1\Gpos