<Backups xmlns="http://www.microsoft.com/GroupPolicy/GPOOperations/Manifest" xmlns:mfst="http://www.microsoft.com/GroupPolicy/GPOOperations/Manifest" mfst:version="1.0"><BackupInst><GPOGuid><![CDATA[{A05BB813-AA20-40F4-9EEF-C242CD665932}]]></GPOGuid><GPODomain><![CDATA[security.local]]></GPODomain><GPODomainGuid><![CDATA[{2b127034-e676-4f54-b03a-e700e3004cb0}]]></GPODomainGuid><GPODomainController><![CDATA[GPOSrv2016.security.local]]></GPODomainController><BackupTime><![CDATA[2024-09-25T13:27:41]]></BackupTime><ID><![CDATA[{D0A4C50B-7949-4A8D-A595-7E3485EEE848}]]></ID><Comment><![CDATA[]]></Comment><GPODisplayName><![CDATA[DoD Office 2019-M365 Apps STIG User v3r1]]></GPODisplayName></BackupInst><BackupInst><GPOGuid><![CDATA[{13F1EDEE-8899-41F7-9F8B-EDA1344F1BCA}]]></GPOGuid><GPODomain><![CDATA[security.local]]></GPODomain><GPODomainGuid><![CDATA[{2b127034-e676-4f54-b03a-e700e3004cb0}]]></GPODomainGuid><GPODomainController><![CDATA[GPOSrv2016.security.local]]></GPODomainController><BackupTime><![CDATA[2024-09-25T13:27:40]]></BackupTime><ID><![CDATA[{DF8F41F1-4CA7-43A5-9182-15C43ABC3D01}]]></ID><Comment><![CDATA[]]></Comment><GPODisplayName><![CDATA[DoD Office 2019-M365 Apps STIG Comp v3r1]]></GPODisplayName></BackupInst></Backups>