<Backups xmlns="http://www.microsoft.com/GroupPolicy/GPOOperations/Manifest" xmlns:mfst="http://www.microsoft.com/GroupPolicy/GPOOperations/Manifest" mfst:version="1.0"><BackupInst><GPOGuid><![CDATA[{D8C67070-6AE8-4246-B387-A22A856B263E}]]></GPOGuid><GPODomain><![CDATA[security.local]]></GPODomain><GPODomainGuid><![CDATA[{2b127034-e676-4f54-b03a-e700e3004cb0}]]></GPODomainGuid><GPODomainController><![CDATA[GPOSrv2016.security.local]]></GPODomainController><BackupTime><![CDATA[2024-09-12T18:49:26]]></BackupTime><ID><![CDATA[{F8F9F00C-DFD5-48CB-B1D8-05319F754273}]]></ID><Comment><![CDATA[]]></Comment><GPODisplayName><![CDATA[DoD WinSvr 2016 MS STIG User v2r9]]></GPODisplayName></BackupInst><BackupInst><GPOGuid><![CDATA[{54DCB169-54FF-4973-B4B5-E9882AF0D9F7}]]></GPOGuid><GPODomain><![CDATA[security.local]]></GPODomain><GPODomainGuid><![CDATA[{2b127034-e676-4f54-b03a-e700e3004cb0}]]></GPODomainGuid><GPODomainController><![CDATA[GPOSrv2016.security.local]]></GPODomainController><BackupTime><![CDATA[2024-09-12T18:49:25]]></BackupTime><ID><![CDATA[{60DDA3E6-D105-4475-8448-9B28925169EF}]]></ID><Comment><![CDATA[]]></Comment><GPODisplayName><![CDATA[DoD WinSvr 2016 MS STIG Comp v2r9]]></GPODisplayName></BackupInst><BackupInst><GPOGuid><![CDATA[{9D96B320-1FA4-4F9E-86E5-DC6C3D8D073B}]]></GPOGuid><GPODomain><![CDATA[security.local]]></GPODomain><GPODomainGuid><![CDATA[{2b127034-e676-4f54-b03a-e700e3004cb0}]]></GPODomainGuid><GPODomainController><![CDATA[GPOSrv2016.security.local]]></GPODomainController><BackupTime><![CDATA[2024-09-12T18:49:24]]></BackupTime><ID><![CDATA[{27ACEC03-3346-4A91-9DC4-A4FD4BAAC578}]]></ID><Comment><![CDATA[]]></Comment><GPODisplayName><![CDATA[DoD WinSvr 2016 DC STIG User v2r9]]></GPODisplayName></BackupInst><BackupInst><GPOGuid><![CDATA[{63B4021C-AB32-43EF-A688-FFEF1AE8FA55}]]></GPOGuid><GPODomain><![CDATA[security.local]]></GPODomain><GPODomainGuid><![CDATA[{2b127034-e676-4f54-b03a-e700e3004cb0}]]></GPODomainGuid><GPODomainController><![CDATA[GPOSrv2016.security.local]]></GPODomainController><BackupTime><![CDATA[2024-09-12T18:48:58]]></BackupTime><ID><![CDATA[{B974A95C-0856-4A5C-BEEE-67255025B1F8}]]></ID><Comment><![CDATA[]]></Comment><GPODisplayName><![CDATA[DoD WinSvr 2016 DC STIG Comp v2r9]]></GPODisplayName></BackupInst></Backups>