<Backups xmlns="http://www.microsoft.com/GroupPolicy/GPOOperations/Manifest" xmlns:mfst="http://www.microsoft.com/GroupPolicy/GPOOperations/Manifest" mfst:version="1.0"><BackupInst><GPOGuid><![CDATA[{4978D6F9-2B82-4017-862D-B31F000FA523}]]></GPOGuid><GPODomain><![CDATA[security.local]]></GPODomain><GPODomainGuid><![CDATA[{2b127034-e676-4f54-b03a-e700e3004cb0}]]></GPODomainGuid><GPODomainController><![CDATA[GPOSrv2016.security.local]]></GPODomainController><BackupTime><![CDATA[2024-09-12T20:48:26]]></BackupTime><ID><![CDATA[{314F919C-F030-469C-89C4-6B65CE42AC9D}]]></ID><Comment><![CDATA[]]></Comment><GPODisplayName><![CDATA[DoD WinSvr 2019 MS STIG Comp v3r2]]></GPODisplayName></BackupInst><BackupInst><GPOGuid><![CDATA[{5EE9CD42-8BDB-4175-8253-6084A8DBAFCE}]]></GPOGuid><GPODomain><![CDATA[security.local]]></GPODomain><GPODomainGuid><![CDATA[{2b127034-e676-4f54-b03a-e700e3004cb0}]]></GPODomainGuid><GPODomainController><![CDATA[GPOSrv2016.security.local]]></GPODomainController><BackupTime><![CDATA[2024-09-12T20:48:25]]></BackupTime><ID><![CDATA[{515BB8D8-8316-445B-8EDF-590B1B434EC8}]]></ID><Comment><![CDATA[]]></Comment><GPODisplayName><![CDATA[DoD WinSvr 2019 DC STIG Comp v3r2]]></GPODisplayName></BackupInst></Backups>