<Backups xmlns="http://www.microsoft.com/GroupPolicy/GPOOperations/Manifest" xmlns:mfst="http://www.microsoft.com/GroupPolicy/GPOOperations/Manifest" mfst:version="1.0"><BackupInst><GPOGuid><![CDATA[{D9D31B9A-7FBC-4FDB-B029-15BDA75B4187}]]></GPOGuid><GPODomain><![CDATA[security.local]]></GPODomain><GPODomainGuid><![CDATA[{2b127034-e676-4f54-b03a-e700e3004cb0}]]></GPODomainGuid><GPODomainController><![CDATA[GPOSrv2016.security.local]]></GPODomainController><BackupTime><![CDATA[2024-09-25T13:27:25]]></BackupTime><ID><![CDATA[{F09254A5-A33E-4C5D-8675-542059B825E3}]]></ID><Comment><![CDATA[]]></Comment><GPODisplayName><![CDATA[DoD Google Chrome STIG Computer v2r10]]></GPODisplayName></BackupInst></Backups>