<Backups xmlns="http://www.microsoft.com/GroupPolicy/GPOOperations/Manifest" xmlns:mfst="http://www.microsoft.com/GroupPolicy/GPOOperations/Manifest" mfst:version="1.0"><BackupInst><GPOGuid><![CDATA[{C4A76C3B-2EAE-45A5-9010-37F6146F4CDA}]]></GPOGuid><GPODomain><![CDATA[security.local]]></GPODomain><GPODomainGuid><![CDATA[{2b127034-e676-4f54-b03a-e700e3004cb0}]]></GPODomainGuid><GPODomainController><![CDATA[GPOSrv2016.security.local]]></GPODomainController><BackupTime><![CDATA[2024-04-03T16:05:37]]></BackupTime><ID><![CDATA[{911F27FE-91D2-46EE-AEF4-6CF698D8156E}]]></ID><Comment><![CDATA[]]></Comment><GPODisplayName><![CDATA[DoD Internet Explorer 11 STIG User v2r4]]></GPODisplayName></BackupInst><BackupInst><GPOGuid><![CDATA[{774A6B34-3A95-4471-94D0-12A8C81E4C03}]]></GPOGuid><GPODomain><![CDATA[security.local]]></GPODomain><GPODomainGuid><![CDATA[{2b127034-e676-4f54-b03a-e700e3004cb0}]]></GPODomainGuid><GPODomainController><![CDATA[GPOSrv2016.security.local]]></GPODomainController><BackupTime><![CDATA[2024-04-03T16:05:35]]></BackupTime><ID><![CDATA[{52FC8C80-EF5C-4DA6-9F64-B6DD327CEE2A}]]></ID><Comment><![CDATA[]]></Comment><GPODisplayName><![CDATA[DoD Internet Explorer 11 STIG Computer v2r4]]></GPODisplayName></BackupInst></Backups>