<BackupInst xmlns="http://www.microsoft.com/GroupPolicy/GPOOperations/Manifest"><GPOGuid><![CDATA[{6AA2DF09-CC12-49AE-8119-51B675F96945}]]></GPOGuid><GPODomain><![CDATA[security.local]]></GPODomain><GPODomainGuid><![CDATA[{2b127034-e676-4f54-b03a-e700e3004cb0}]]></GPODomainGuid><GPODomainController><![CDATA[GPOSrv2016.security.local]]></GPODomainController><BackupTime><![CDATA[2024-09-12T18:50:40]]></BackupTime><ID><![CDATA[{D1902B7F-058D-47E2-961E-D4615E839AE3}]]></ID><Comment><![CDATA[]]></Comment><GPODisplayName><![CDATA[DoD WinSvr 2022 DC STIG Comp v2r2]]></GPODisplayName></BackupInst>
